Date,Avg Sentiment Score,Tweet,Emotion
03-03-2024,0.0,#Airdrop #Bitcoin #Binance #Crypto https://t.co/3tPHqPAU2m,Neutral
06-03-2024,0.0,"#JOEUSDT

Entry: 0.1889

Target 1: 0.1909 ‚úÖ
Target 2: 0.1929 
Target 3: 0.1988

#bitcoin #crypto #BTC #ETH #altcoin #trading #signal #copytrading #cryptosignal $JOE #JOE
https://t.co/uYb5uM2wiy",Neutral
13-03-2024,-0.4588,"RT @BitcoinMagPro: Bitcoin has recently set even lower lows, leaving many investors wondering if BTC is on the verge of a MAJOR bear cycle.‚Ä¶",Negative
14-03-2024,0.0,"RT @TFMetals: Last week, both the US House and Senate put forth something called ""The Bitcoin Act"". 
The Act proposes that the US acquire 1‚Ä¶",Neutral
15-03-2024,0.31195,"Tactical analysis of #Bitcoin FOMO. Where are you on the chart? ü§£ https://t.co/RcipUI52it | Be a part of our successful trader community!

https://t.co/52VwOorJmd

$ELF $PAXG $GT $COMP $NFT $WOO $USDP $ZIL $FET $GMT $SC $DASH $ILV $USTC $AXL $BTC $stx https://t.co/iym7dDM9sS",Positive
17-03-2024,0.6808,"RT @CryptoHutt: ü•≥ Vibes X Puppets AI X Crypto Daily Big #Airdrop

üèÜ Rewards ¬ª¬ª 500 $USDT

üåü  Follow @vibesdotmeme &amp; @ThePuppetsAI
‚≠ê Like, R‚Ä¶",Positive
25-03-2024,0.4404,"Should  I  book profit on  BITCOIN Future at 1,05,000 today  ?",Positive
30-03-2024,0.4767,"RT @TheBTCTherapist: How fractional reserve banking works in the United States, explained in 3 minutes.

You‚Äôre going to want to buy #Bitco‚Ä¶",Positive
31-03-2024,0.0,"RT @CryptoMichNL: The #Bitcoin markets have been correcting, with a 30% correction.

What's happening?

Let's talk about it in our new podc‚Ä¶",Neutral
